epoch,iou,loss,val_iou,val_loss
0,0.010596247724233529,0.7151297605954684,0.07263616509735585,0.6393734574317932
1,0.024661510800703976,0.6031310313787216,0.001155573595315218,0.5632471561431884
2,0.04854739161853034,0.5391522156886566,0.0012398230843245982,0.5227685451507569
3,0.07589352659833355,0.4957406925849425,0.11483547687530518,0.4596258461475372
4,0.061274765142932154,0.4592346442051423,0.12474047988653184,0.42902331948280337
5,0.05707555988099044,0.4327408159390474,0.1465509243309498,0.38996877074241637
6,0.11793305753515317,0.38165329969846284,0.02461990565061569,0.3676632821559906
7,0.05645706198918514,0.36065043088717336,0.1329937197268009,0.35254753828048707
8,0.11651536115469077,0.33247311069415164,0.09773510098457336,0.31814592480659487
9,0.08082757983953716,0.3147265124015319,0.11074205636978149,0.3016416490077972
10,0.0842056780671462,0.3022020344550793,0.09729814529418945,0.2934293746948242
11,0.09092475297168279,0.2852908365237407,0.16899251118302344,0.27061447501182556
12,0.09351670750392935,0.2712407864821263,0.006795895099639892,0.2622098982334137
13,0.1000115173176313,0.25359750749208987,0.12375957369804383,0.2455727130174637
14,0.0930542506588002,0.24934022204998213,0.0,0.2752364456653595
15,0.09592161690577483,0.23711246519516677,0.09234903454780578,0.2451851785182953
16,0.12390058375417422,0.22644691245678145,0.040211939811706544,0.21922078132629394
17,0.10017216501709743,0.22172829470573327,0.0,0.24419179260730745
18,0.08972711032495284,0.21449339733673975,0.09462550878524781,0.20946126580238342
19,0.11868975435694058,0.20821940555022314,0.22100125551223754,0.2022547334432602
20,0.08890924903635795,0.206416857166168,0.058478313684463504,0.19784122705459595
21,0.16591287748171732,0.20026282240182924,0.017229730635881423,0.19381801187992095
22,0.15299661896931818,0.19077087747745025,0.18493176400661468,0.18236788511276245
23,0.10814812053472568,0.18697368984039014,0.2808366894721985,0.17789452970027925
24,0.13448566833558756,0.17981361616880465,0.1394840031862259,0.17877473831176757
25,0.08204414170139875,0.18667086423971715,0.07336130887269973,0.1897392302751541
26,0.09384950082032727,0.1784092344534703,0.03813367895781994,0.17738545835018157
27,0.10829616781586829,0.17588299474655053,0.15092563033103942,0.16036396920681
28,0.1163526095258884,0.1827396681675544,0.14801238477230072,0.16425262689590453
29,0.08506986675545192,0.17165743998992136,0.03354664947837591,0.1650649845600128
30,0.0949387070722878,0.16436959612063873,0.1145621694624424,0.16057435274124146
31,0.16296910122036934,0.16055941734558496,0.07854133695363999,0.15384588837623597
32,0.12937797030481774,0.15745224899206406,0.12700185775756836,0.15303721725940705
33,0.12069993263158278,0.15268387511754647,0.08481615446507931,0.15398135781288147
34,0.12171224973952541,0.15287200686259148,0.24436213225126266,0.14217870235443114
35,0.13944278289683354,0.1483569091711289,0.18789502307772638,0.14633151590824128
36,0.14358407904943213,0.14555776119232178,0.0028026437386870382,0.15044429302215576
37,0.07417300458137806,0.15495473681352076,0.13337299302220346,0.1426024079322815
38,0.19692135033890223,0.13513376888556358,0.18858531415462493,0.13465474545955658
39,0.1890289246594199,0.13577605917667732,0.1645219713449478,0.1278532087802887
40,0.24980466680314678,0.1294318254177387,0.06681149303913117,0.13578881919384003
41,0.10492209125405703,0.1307803635031749,0.047250785678625104,0.13951011300086974
42,0.13540523514175454,0.13178480359224173,0.11325407922267913,0.12916759252548218
43,0.16467812817352703,0.12668328980604807,0.0029525695368647575,0.1295345574617386
44,0.1359624493686566,0.12422776413269532,0.10531879365444183,0.12902724742889404
45,0.19465730567343342,0.12216512018289322,0.2642594132572412,0.11844905465841293
46,0.1707174911712989,0.1196867007857714,0.09289664104580879,0.12172163873910904
47,0.102885361139973,0.12131322289888676,0.26242453455924986,0.11427358388900757
48,0.14726570055175286,0.1172843724489212,0.05642354041337967,0.11498577743768693
49,0.1935432154016617,0.11450728315573472,0.12118538245558738,0.11164549440145492
50,0.12350580877122971,0.11427732041248909,0.11346526890993118,0.119304621219635
51,0.12895836315165538,0.11534612511213009,0.2832254707813263,0.10985704064369202
52,0.17514477546016374,0.11196676316933754,0.20615249276161193,0.11044877767562866
53,0.17473091433445612,0.11130328992238411,0.034801247715950015,0.12639941424131393
54,0.14994864621295187,0.10882451461675839,0.18817793466150762,0.10576647520065308
55,0.18953245411961314,0.10568397224713595,0.09691717103123665,0.10485345870256424
56,0.2510826596273826,0.10116246514595471,0.08419175259768963,0.10569973886013032
57,0.2151476546930961,0.10745453586181004,0.10683889389038086,0.1084903821349144
58,0.12721938722265455,0.10421765519258304,0.02187108201906085,0.10959347486495971
59,0.11343877911806488,0.10340644591129743,0.27345863431692125,0.09386734068393707
60,0.1770469129849703,0.10970504333575566,0.0010460462421178819,0.11058002710342407
61,0.0886346308562236,0.10734306982694528,0.07607733011245728,0.10893050432205201
62,0.1449497993557881,0.09730809143720529,0.23075745478272439,0.09230679869651795
63,0.13355415543684593,0.09665401127093877,0.18934483230113983,0.09663834273815156
64,0.12470877038028377,0.09543121778048001,0.10192199945449829,0.09368822872638702
65,0.16586099753084665,0.09567990402380626,0.16653085947036744,0.09416254311800003
66,0.17577433734177014,0.09503023020732097,0.13464445322752,0.09334190636873245
67,0.16622568155901554,0.0956222109305553,0.22547271698713303,0.09131970554590225
68,0.24459360806175914,0.08900117759521191,0.0882544293999672,0.10269985646009445
69,0.10417524321886819,0.09460144833876537,0.1233673745766282,0.10232655256986618
70,0.10652823687698214,0.09050426441125381,0.3167551696300507,0.08279953300952911
71,0.1873011833582169,0.08623970701144291,0.19654309377074242,0.0874362125992775
72,0.23273688392379346,0.08339256315659253,0.08663237690925599,0.08772119134664536
73,0.19207851810810658,0.08296975034933823,0.15157364010810853,0.08779218792915344
74,0.17721974137477958,0.08216720169935471,0.08597789183259011,0.08221556395292282
75,0.1918994580897001,0.08442295724764848,0.2881501615047455,0.07985951006412506
76,0.1971605530766866,0.07990690645499107,0.16816387809813022,0.07908679246902466
77,0.15871798635149995,0.08275711708343945,0.24832829535007478,0.08115017861127853
78,0.1852122588465229,0.07679439679934429,0.21758391261100768,0.08279246538877487
79,0.1493446002714336,0.08119546889494626,0.009266582876443863,0.09228431284427643
80,0.168149233628542,0.07626713487582329,0.021476534008979798,0.09320000857114792
81,0.2657545897870874,0.07599087823659946,0.2727674305438995,0.07417228817939758
82,0.2525245568786676,0.07421612510314354,0.09287538528442382,0.07914354354143142
83,0.1412618218515164,0.07727263715022649,0.07930397540330887,0.08703893423080444
84,0.15838060008051494,0.07495947526051448,0.057835835963487625,0.08305308818817139
85,0.18418620264109892,0.07488291481366524,0.10443335473537445,0.07496777027845383
86,0.21159653602024683,0.07510858353896019,0.09179244749248028,0.08885325640439987
87,0.1910656342217221,0.07347135379528388,0.09026594310998917,0.08422451615333557
88,0.24062598623239842,0.06857004140814145,0.15034986063838005,0.07521459460258484
89,0.171978030520945,0.0704773726562659,0.21288627609610558,0.07381198406219483
90,0.18291472930174607,0.07128222439533625,0.0,0.07624385058879853
91,0.1382749845058872,0.07215767573469724,0.056815093755722045,0.07832239121198654
92,0.1510411859758628,0.07105680278096443,0.2530032843351364,0.06569841504096985
93,0.15042797008003944,0.07905944226643978,0.10223575830459594,0.07380667850375175
94,0.15951263852035388,0.06991767577635936,0.03255584798753262,0.07036289274692535
95,0.11715547304349737,0.06885256818853892,0.3346982643008232,0.06576532199978828
96,0.21621442194550466,0.06403935968111722,0.14721489027142526,0.06770953387022019
97,0.15292987408928382,0.06952264647071178,0.19843880087137222,0.06346162781119347
98,0.17424253250161806,0.06587487277694237,0.23684647642076015,0.06526568681001663
99,0.2008601586597088,0.0678625586323249,0.18309254951309412,0.06078798994421959
100,0.18220381770665064,0.06651666674476403,0.23647739887237548,0.06110122948884964
101,0.1727432208852126,0.06609625694079277,0.24101050496101378,0.06039971485733986
102,0.13499453173277196,0.06838193526252723,0.05454673171043396,0.07998457551002502
103,0.16328248903394127,0.06077618209215311,0.12547083310782908,0.06480002552270889
104,0.19735423351327577,0.06110719104225819,0.07797282338142394,0.06576481238007545
105,0.23638986816438726,0.05882957835610096,0.03476112545467913,0.06090650781989097
106,0.1739990275639754,0.05992378227603741,0.10764626413583755,0.05984844341874122
107,0.20129252067552164,0.06062569421453354,0.2091510698199272,0.06080464199185372
108,0.21105420618103102,0.05752617712968435,0.23834835411980748,0.054880882054567336
109,0.19191503284403155,0.05644465256959964,0.13802748303860427,0.06033693477511406
110,0.1791479032820998,0.06049044516224127,0.1705186575651169,0.059441528469324115
111,0.194663227440264,0.05622660072568136,0.20117200464010238,0.05535822436213493
112,0.17542306579744968,0.057030699956111416,0.2651712641119957,0.05325365886092186
113,0.15935737625337565,0.055659346951124,0.5661703646183014,0.048434481024742126
114,0.2751981971355585,0.05387290013142121,0.11951823979616165,0.05573995858430862
115,0.16300117153113183,0.055235275759910926,0.07990837842226028,0.05753023028373718
116,0.14822698845408666,0.055994478842386834,0.24843594878911973,0.0548992358148098
117,0.1732668076785138,0.055817139645417534,0.17098344247788191,0.05283437967300415
118,0.21252345484800828,0.05611970399816831,0.020186275243759155,0.0685605138540268
119,0.21182106726187974,0.05395300227862138,0.22174564898014068,0.05603623911738396
120,0.241410285126991,0.05219391523263393,0.29372393637895583,0.05103130489587784
121,0.2331865232390089,0.05138389613383856,0.21919168829917907,0.05043089762330055
122,0.19249207316300807,0.05204891346586056,0.04069785475730896,0.06959419026970863
123,0.1757281788218862,0.05250081362632605,0.16990930140018462,0.07436527609825135
124,0.144954917474817,0.05926914045061821,0.30224573612213135,0.0474780336022377
125,0.13703459158886033,0.060976631461809844,0.04904873073101044,0.06697420105338096
126,0.1102812903909347,0.05922152426762459,0.12305805683135987,0.053960484266281125
127,0.15934191653743768,0.05047380475279612,0.10188345909118653,0.048355239629745486
128,0.18231715581929073,0.04992520436644554,0.3199531644582748,0.04567245990037918
129,0.14762125274118704,0.051493534579491004,0.050164610147476196,0.049985356628894806
130,0.18046059526312044,0.05108078082020466,0.1375086635351181,0.05924815386533737
131,0.21573674802978834,0.052095168485091284,0.3333909176290035,0.04740533009171486
132,0.16458785412116692,0.05315996658725616,0.0,0.06589471772313119
133,0.23957646361146218,0.04897891204708662,0.07533902525901795,0.0614143006503582
134,0.15866427696668184,0.05272828787565231,0.0,0.06399141028523445
135,0.11282123322598636,0.05246482837276581,0.18924129158258438,0.04505364969372749
136,0.17622683010995388,0.047285595669960365,0.14983659870922567,0.04737196192145347
137,0.25631139198174846,0.04513522657828453,0.0891377292573452,0.05557629242539406
138,0.18958154891450435,0.045204044630130134,0.13424340039491653,0.04938890337944031
139,0.22049296865812862,0.04480889401374719,0.1605718567967415,0.044705604761838914
140,0.22396017958481723,0.046556319563816756,0.20794100761413575,0.04734333157539368
141,0.19546864291605276,0.043537310300729215,0.08670099973678588,0.04832950904965401
142,0.1876015744339197,0.0466916965177426,0.22077717389911414,0.04183830916881561
143,0.22581884651803052,0.04196131181640503,0.09545177370309829,0.04879213348031044
144,0.1630360215353087,0.04742699937942701,0.1382286235690117,0.0451075330376625
145,0.19673553469758004,0.041625297508942775,0.1679045021533966,0.04665641859173775
146,0.2696574978912488,0.04281238972758635,0.1652646191418171,0.04966932311654091
147,0.2369481855048201,0.041976759735590376,0.44309943318367007,0.03695232942700386
148,0.13950616277706546,0.044568412961103976,0.2790492594242096,0.04158237725496292
149,0.2049797235104518,0.042071183044941,0.014518871530890464,0.05111471340060234
150,0.17221585363866046,0.04368353128815309,0.26416308283805845,0.04144881442189217
151,0.19907982959053838,0.044381689662352584,0.13794257044792174,0.057111425697803496
152,0.21761117717967585,0.04204257482137436,0.1373920239508152,0.042482999712228776
153,0.27959367857338524,0.03868465650922213,0.19986577033996583,0.04774124696850777
154,0.21200311297061256,0.04138385934325365,0.21719564944505693,0.04724088534712791
155,0.20021857810803714,0.04213458739030056,0.24274675250053407,0.04550559222698212
156,0.14352284527073303,0.0440981853275727,0.12212149128317833,0.04234725758433342
157,0.17641599867970514,0.041839298051901355,0.3044020920991898,0.037627152353525165
158,0.17773574707993808,0.04893833971940554,0.04999575093388557,0.04371318444609642
159,0.19804738753308088,0.04041003569578513,0.25476346388459203,0.039943668991327286
160,0.16288265351874706,0.040686558263424114,0.19687357619404794,0.04149855002760887
161,0.2458173591309251,0.038604747503995895,0.02643962875008583,0.0551959827542305
162,0.1742199093867571,0.04240707594614763,0.16370388865470886,0.04590961113572121
163,0.1905235689258776,0.04015016231017235,0.27060036510229113,0.03462420031428337
164,0.21672219176514027,0.04245344821650248,0.23970994781702756,0.04047735929489136
165,0.2441038019143236,0.03967909686840498,0.134127582795918,0.041703392565250394
166,0.1749337092997172,0.04209166067915085,0.013764089345932007,0.0726152740418911
167,0.13526076199009252,0.042806995125153124,0.13906181007623672,0.03885162062942982
168,0.19425719562106025,0.036265282676770136,0.027452632784843445,0.040248133987188336
169,0.21429329613844553,0.03752842789086012,0.1047749400138855,0.04011363834142685
170,0.20772596057026815,0.03638812698996984,0.14888300001621246,0.037079678103327754
171,0.1811157223314811,0.03703102264075707,0.19217631220817566,0.0352375715970993
172,0.22265713605193946,0.03878384618422924,0.21114785671234132,0.03470644913613796
173,0.22306473205725735,0.0346470280813101,0.2357928454875946,0.034100109711289406
174,0.20873235151744807,0.03469545680742998,0.07862026989459991,0.0542310930788517
175,0.18715691122298056,0.03763994646187012,0.16148513555526733,0.04193130284547806
176,0.2623981392154327,0.033882809086487845,0.12638234868645667,0.04839952066540718
177,0.16933809531231722,0.03518768433385935,0.09232459552586078,0.035498949512839315
178,0.15886238007209239,0.03534703725614609,0.24887197017669677,0.03388090208172798
179,0.28536446306567925,0.03324344362585972,0.2036023259162903,0.036110255122184756
180,0.18686363143989673,0.03481076132410612,0.19607306718826295,0.035158786177635196
181,0.1794057911596237,0.034777289686294705,0.22895589619874954,0.03166319578886032
182,0.21560081857061072,0.03484633837181788,0.16556378901004792,0.03413851521909237
183,0.18744769452426296,0.03670520177827431,0.06848793923854828,0.04920517206192017
184,0.25016619462090045,0.03257391224495876,0.274458646774292,0.037218325585126874
185,0.2592629936690896,0.03289313795856941,0.29298634082078934,0.035989588126540184
186,0.22472273954787317,0.03243578913120123,0.1861486703157425,0.0334734782576561
187,0.19300008829062185,0.03441487677777425,0.16205168813467025,0.04333136156201363
188,0.21055427418114284,0.032944788153354936,0.02265252508223057,0.038504794239997864
189,0.20565878900770956,0.03560347329729643,0.12632242366671562,0.035417580232024196
190,0.1393483007649103,0.044497679775724046,0.0024449478834867476,0.03564987368881702
191,0.14064134557086688,0.03657572401257662,0.14093174375593662,0.03346376270055771
192,0.1759047116845464,0.03300691076005117,0.010197562351822852,0.04170707575976849
193,0.18343404995707366,0.03211146779358387,0.2306384801864624,0.03451021425426006
194,0.16753900891695267,0.033162030654075816,0.01422383300960064,0.041355420649051663
195,0.20113849793919003,0.03416317558059326,0.09113567471504211,0.04251097403466701
196,0.22681374056264758,0.03521157414294206,0.23633429408073425,0.030828915163874628
197,0.16459106632436699,0.03644030488645419,0.0,0.05212302729487419
198,0.2255271059484818,0.03350061717896889,0.015087078511714935,0.0583700068295002
199,0.20228151723933527,0.035023667013798006,0.056034740433096884,0.04458090513944626
200,0.16192794125527143,0.032759528081768595,0.15050324350595473,0.03193945027887821
201,0.20358567706380898,0.03149441233239113,0.16541452705860138,0.02898027077317238
202,0.2525037131152856,0.029639970558958176,0.2531124383211136,0.03055301383137703
203,0.1757935686275745,0.03033352681459525,0.32755314707756045,0.025919678434729577
204,0.22295133472205356,0.030008366235937826,0.17351382970809937,0.02706858664751053
205,0.22398960690658826,0.031895425887062,0.20610059201717376,0.029022549465298652
206,0.20163729266287425,0.029426087028323077,0.3696414276957512,0.026983088254928587
207,0.23707028915389225,0.030965345410200264,0.2315043330192566,0.036169936135411265
208,0.25309939343386734,0.02727313143893694,0.20261291265487671,0.028825606033205987
209,0.1409758084740203,0.03209731178596998,0.08534133434295654,0.03044612631201744
210,0.17063201503016245,0.02738381927021039,0.051319514960050584,0.03634375631809235
211,0.248366613418628,0.029418617104872678,0.24569878205657006,0.03410370796918869
212,0.23683812586256328,0.02863053523768217,0.05517369508743286,0.03607242740690708
213,0.1690978006197092,0.030221609350962516,0.1102259486913681,0.02795729823410511
214,0.18759131539039886,0.02904833069978616,0.12371574770659208,0.02977200672030449
215,0.1963585984105101,0.028937497104589757,0.050877179205417636,0.032157625257968905
216,0.22643317286975873,0.03097518738836814,0.34187687635421754,0.026100394129753113
217,0.21688153938605234,0.029629133641719818,0.14838771820068358,0.029259109497070314
218,0.2743245326460172,0.026037595306451503,0.12020617816597223,0.03246227316558361
219,0.20907151183256736,0.028430812251873504,0.12306193113327027,0.03162835016846657
220,0.22043752818344495,0.028985404290067844,0.30462397933006286,0.02411905601620674
221,0.13024370095286614,0.03277842485560821,0.2427935630083084,0.02646526023745537
222,0.21232823791125646,0.02944913845604811,0.21366727873682975,0.026048187911510468
223,0.1582085353632768,0.038813664410740904,0.029265600815415384,0.03347341194748878
224,0.23022853917418382,0.027959762475429438,0.16343167871236802,0.029093820229172708
225,0.1562532436890671,0.028080198101890393,0.18996605426073074,0.026797755807638168
226,0.2591316273006109,0.02634553448894085,0.0,0.04370841383934021
227,0.20077806376875976,0.030158402111667853,0.11780027728527784,0.032209356874227525
228,0.20126330255506894,0.028206858879480608,0.2910486787557602,0.023123539984226227
229,0.23001833680348518,0.03148032089647574,0.36033046096563337,0.023637525364756586
230,0.24425542384433824,0.028093536742604695,0.16572435200214386,0.034370123594999316
231,0.20122752904605407,0.030566137618361376,0.03432209491729736,0.04462713673710823
232,0.11684819698954622,0.03275411537824533,0.18921176940202714,0.027332979440689086
233,0.19905709597067192,0.02733935635441389,0.133636873960495,0.031631844490766524
234,0.28142732467788917,0.02434132472635844,0.1206833228468895,0.0303730521351099
235,0.21356578901983225,0.025452069985942963,0.09572040438652038,0.026001641526818275
236,0.19762092523085764,0.026570851890704572,0.2249194100499153,0.0226530559360981
237,0.22324808931966217,0.027257607485621404,0.2357698768377304,0.028510257974267005
238,0.24817163669146025,0.024102486717777375,0.22491004467010497,0.025902356207370757
239,0.1987231537604179,0.026292678494101916,0.2601120784878731,0.027871961146593092
240,0.20045026477414352,0.025407016086272705,0.2681140586733818,0.0246825709939003
241,0.25997406660985106,0.0241537276082314,0.13058185428380967,0.031790079548954964
242,0.17363661508529615,0.024733791796442788,0.16813853979110718,0.026468171179294585
243,0.21264482767154008,0.025196493818209723,0.41400080919265747,0.021410561352968215
244,0.2764858628312747,0.0238349940150212,0.08140115141868591,0.030906108021736146
245,0.17459744260682222,0.02599765565723945,0.14079040437936782,0.027205101400613784
246,0.19569227390755445,0.0249909698867645,0.15019411444664002,0.02282005213201046
247,0.23053779737062705,0.025136976813276608,0.18126214444637298,0.02836758829653263
248,0.1795549599143366,0.02772377550793,0.044701087474823,0.03503106795251369
249,0.2272216618920748,0.024175657532536067,0.1976909702643752,0.03292686194181442
250,0.26704503657917184,0.02299131691837922,0.24640465080738067,0.028376462683081628
251,0.23514793736812395,0.023081281676124304,0.2225946567952633,0.022362833842635155
252,0.1931126310657232,0.026003051167115186,0.13901057243347167,0.030992308631539345
253,0.22044412275919548,0.02444333129395277,0.059769660234451294,0.035651400685310364
254,0.1971256357546036,0.026926432378016986,0.28836373016238215,0.030996693670749663
255,0.1722500460425344,0.03467660769820213,0.20961437225341797,0.022942160815000535
256,0.1575365213629527,0.027445371238849103,0.24422709941864013,0.026415500044822692
257,0.1867030442525179,0.024805443791242745,0.11606892794370652,0.026874091103672983
258,0.19428385406111678,0.02373897857390917,0.17099494040012359,0.027015627175569535
259,0.19504698499655113,0.024448118530786954,0.04849497079849243,0.028175307810306548
260,0.19810595659491342,0.02711558566452601,0.17353433966636658,0.040520797669887546
261,0.2594177545263217,0.02549604316934561,0.042293205857276917,0.03213362544775009
262,0.1783809248978893,0.027884825634268615,0.0,0.05708003267645836
263,0.23021355132835034,0.026335456910041664,0.1641830325126648,0.03199923075735569
264,0.20275048567698553,0.02700945782737854,0.026442545652389526,0.038744141533970836
265,0.20128729266042894,0.02319367201282428,0.11303635835647582,0.02531611584126949
266,0.21908587245987013,0.023888481160004933,0.2649484291672707,0.019647875055670738
267,0.25408264921787077,0.021726277012091417,0.2555197268724442,0.021273063495755196
268,0.2175589157984807,0.022235781718523074,0.3296272784471512,0.01873590312898159
269,0.2253198528614564,0.02261251636231557,0.28494299948215485,0.020409194007515907
270,0.24998314580163702,0.024215700486913707,0.060897047817707065,0.023573732003569603
271,0.18244916544510767,0.02216699198843577,0.2630664646625519,0.02146228738129139
272,0.2389110993498411,0.024402951176923055,0.18506221771240233,0.025465460121631624
273,0.26752858614931124,0.01979939362559563,0.22203109711408614,0.021199965849518776
274,0.17292118984728289,0.024164266406725615,0.13687538206577302,0.023633358255028724
275,0.1938536798533721,0.021012472466398507,0.005009345710277557,0.032261816784739494
276,0.24204553252993485,0.02209592278664693,0.24582810923457146,0.02571597509086132
277,0.24470363031977263,0.021199825148169812,0.053962992131710054,0.032253670319914815
278,0.18933456696089332,0.02217725320504262,0.1659783092327416,0.022076052613556385
279,0.22330477504202953,0.021854796566260166,0.22723649740219115,0.023572389036417007
280,0.18637186405957878,0.025279195095675114,0.08023510128259659,0.027261077985167505
281,0.2370739344937297,0.019874240009066384,0.4227936875075102,0.01699119433760643
282,0.1935378227573939,0.023468520157994367,0.3438744813203812,0.02107756845653057
283,0.29556776778414273,0.019087315704195928,0.2712825298309326,0.020807758159935474
284,0.22200612790691546,0.021467405896729384,0.15767207890748977,0.026159250736236574
285,0.19829837834605804,0.022722192395191926,0.22621155977249147,0.018915407732129096
286,0.19612148055472436,0.023019520040505972,0.12144216001033784,0.02621873877942562
287,0.20685862912199435,0.022577069604243986,0.0941117562353611,0.02351222522556782
288,0.14717863146693277,0.03291331427410627,0.11375082693994046,0.02410849966108799
289,0.2219574361657485,0.021862241344001047,0.1781627357006073,0.026680120080709458
290,0.18158597291375583,0.02142606895321455,0.31583502143621445,0.018159996531903744
291,0.2427326771311271,0.020635666540608957,0.16758564710617066,0.024472673982381822
292,0.20208688686864498,0.0237212153390432,0.18436547219753266,0.027276049926877023
293,0.21923160285521776,0.022253052068826478,0.2544716738164425,0.021294408664107322
294,0.1989644527530823,0.025634386552832067,0.14126744642853736,0.024229138717055322
295,0.2455239214050846,0.022219051129351824,0.06573511511087418,0.034889526292681695
296,0.17950166035921145,0.025239799100045975,0.11460192203521728,0.05421683378517628
297,0.14636634729611567,0.025336136683248557,0.12644018605351448,0.020053400471806527
298,0.22435242797319704,0.021377589983435776,0.056092864274978636,0.02362703122198582
299,0.26423546755895355,0.01933713782674227,0.10140070915222169,0.022788721323013305
300,0.23827114261877844,0.020153275523812342,0.09449128434062004,0.02436521016061306
301,0.2106265424249264,0.020527588322949715,0.32738457769155505,0.018149985000491142
302,0.21502088898649582,0.022002508935446922,0.1420544683933258,0.026881159469485282
303,0.27186988389644867,0.018629857004644014,0.16535674333572387,0.026172474771738053
304,0.20908523379610136,0.02226979698603734,0.21240387260913848,0.02266004737466574
305,0.2410222443107229,0.018539821036542073,0.07566470131278039,0.03353426195681095
306,0.2547012653532222,0.018799309976972066,0.3188843637704849,0.020292231999337672
307,0.18237421127895898,0.019127341178365242,0.11389991601463408,0.022678296826779843
308,0.23004989345104265,0.019209827200915568,0.30389885008335116,0.019775072298943996
309,0.27932966156647754,0.01931674630405047,0.12296400964260101,0.019501448422670365
310,0.1758692380375205,0.020436616614460945,0.33526402413845063,0.01692913006991148
311,0.2253402741625905,0.019094541740532104,0.05293210670351982,0.02482212595641613
312,0.21913143576910862,0.02011074252331104,0.10195692889392376,0.019309576973319052
313,0.2100160139350173,0.022140557065797158,0.17376104295253753,0.029475842230021955
314,0.23091377470527966,0.019636935267883997,0.03749579923169222,0.02662513740360737
315,0.2664967350518474,0.018209791073623378,0.16919149979948997,0.020155257545411587
316,0.24988646088884428,0.01794139634913359,0.3554223522543907,0.018194797076284887
317,0.21684084952068636,0.02046971070842865,0.271414515376091,0.018760879710316657
318,0.22872932706601345,0.0195421892672013,0.06352642476558686,0.019133290462195873
319,0.20026021130765095,0.02130183348288903,0.15310987532138826,0.0205332662910223
320,0.21844316593920574,0.027744738003000233,0.16528931856155396,0.019370808079838753
321,0.16489103680046704,0.021278870984529838,0.3962323933839798,0.015009676106274128
322,0.23901885504332873,0.01987630534821596,0.10383132919669151,0.019476382061839104
323,0.2796668980557185,0.01762676867059408,0.21224870681762695,0.02278638817369938
324,0.22069426606862974,0.01966287852384341,0.20878735482692717,0.018746289238333703
325,0.2003304188211377,0.021422797145369727,0.1971861869096756,0.023074295558035373
326,0.26659059171111155,0.02161708075362138,0.17653462439775466,0.020228325575590133
327,0.20491930190473795,0.022654603426464092,0.00585140623152256,0.032773157209157945
328,0.21700740290375856,0.022029325533180665,0.1463622153736651,0.024864634312689305
329,0.20397596465996826,0.02228725204865138,0.1375513829290867,0.02328328602015972
330,0.23646014728225195,0.017203984829859856,0.17598937451839447,0.020870291255414487
331,0.19800874705498034,0.019819942159721486,0.08720777034759522,0.025270416028797628
332,0.265690592619089,0.017798726566326924,0.0565468430519104,0.024128637835383417
333,0.22904285573615477,0.01874615280674054,0.12703175693750382,0.018949154391884805
334,0.2300929190017856,0.020174028495183356,0.18035019785165787,0.01784716621041298
335,0.22120853905112314,0.017925281889545612,0.20992305874824524,0.016593300737440586
336,0.21949895089253402,0.017399397750313465,0.23820215463638306,0.015745021030306817
337,0.25366652145599705,0.019495032966519013,0.38306631743907926,0.01554302591830492
338,0.26973817753008544,0.01630293611341562,0.17607351765036583,0.01988810542970896
339,0.17920887560989612,0.01908424370086346,0.06489910632371902,0.025133582204580306
340,0.16423391851668173,0.018029759232050333,0.11511556506156921,0.01795954182744026
341,0.24491195800976875,0.017604167191072915,0.12789676226675512,0.021845546178519727
342,0.25094189301419717,0.01717216583589713,0.036875493824481964,0.02612318880856037
343,0.1976948509721133,0.01787218912385213,0.06227600127458573,0.02020000908523798
344,0.22483997541264847,0.018469460571232516,0.1999652251601219,0.01791079044342041
345,0.20587969320611313,0.02017209344567397,0.0566884458065033,0.028298062086105347
346,0.2359421437021154,0.01590410555497958,0.13471665382385253,0.016397544741630556
347,0.22289799039180463,0.019185732882947493,0.44453624188899993,0.019244352355599403
348,0.312189899599896,0.015443814727358328,0.21459949910640716,0.018280271999537946
349,0.22354417528288487,0.01768124473687166,0.2555503696203232,0.017789450101554395
350,0.2505154244315166,0.017817215874600105,0.01865023858845234,0.02316082566976547
351,0.20402324600861624,0.020006556875812702,0.025881125405430794,0.03808099366724491
352,0.22223365407150525,0.02149341212442288,0.12094051837921142,0.02034500278532505
353,0.16072627962328112,0.025069111074583653,0.1884186565876007,0.02026194743812084
354,0.2498559371019021,0.01748990761832549,0.1096348598599434,0.02626738790422678
355,0.19307038207084704,0.01698323666380766,0.3580494627356529,0.014428478665649891
356,0.25395614114136267,0.018146748057542704,0.03473592400550842,0.03346341382712126
357,0.22354668754940996,0.018546977940087136,0.13954184874892234,0.02303993683308363
358,0.23549054766026062,0.021082266950263426,0.2667854458093643,0.016458714939653875
359,0.21976474495843434,0.018958328530574456,0.16860749796032906,0.020175423100590707
360,0.2945122882150687,0.017827923338000592,0.06996876150369644,0.024843355640769005
361,0.21168706151776207,0.020888807443089973,0.1975580334663391,0.01928449235856533
362,0.17357927133353093,0.019502364361706454,0.1897688701748848,0.020058012567460537
363,0.23797335148526308,0.01732120839640116,0.34069384932518004,0.013389062136411667
364,0.26506247495611507,0.016755465394220292,0.37210376411676405,0.01264165062457323
365,0.23472015362662765,0.01644112876592538,0.24467916339635848,0.015565402805805206
366,0.22358412486620438,0.016728566386378728,0.39159085154533385,0.01455292422324419
367,0.2484613597775117,0.018209504059109934,0.08949302136898041,0.01766794975847006
368,0.2521629912826495,0.015419788563098663,0.025608640909194947,0.023141256347298623
369,0.20713317981706217,0.01891219599220233,0.11945360600948333,0.016060194559395315
370,0.2456139038101985,0.015025320582282849,0.09612373560667038,0.020075009763240816
371,0.2724349774205341,0.015477707012532612,0.34253987967967986,0.018391475826501847
372,0.18674242274405864,0.015604342501132917,0.1623164989054203,0.01382092610001564
373,0.23953880672940078,0.0160622987896204,0.19242777228355407,0.020011514611542224
374,0.262921260144466,0.015861446539369915,0.06430791690945625,0.02185545638203621
375,0.20625070037129214,0.016401077477404706,0.12623950839042664,0.015663777850568293
376,0.25499358609653056,0.015320572524498671,0.07146268486976623,0.0176799688488245
377,0.20047800645279962,0.01664120651399478,0.06557362675666809,0.02821399588137865
378,0.19525293555731574,0.019071600686472196,0.05026090890169144,0.015908236801624297
379,0.24900467025163847,0.01646831915833247,0.14959532469511033,0.022047017328441144
380,0.29878180774931723,0.014880013867066456,0.2989414006471634,0.014133024588227272
381,0.25820635495564115,0.015088070255632583,0.011695175897330046,0.025141216814517975
382,0.2512780715060683,0.01639983915270139,0.20197713375091553,0.018147623725235464
383,0.22770595388152662,0.01738051948352502,0.28456293046474457,0.01632127948105335
384,0.24467522889757767,0.016659838744463064,0.07645319141447544,0.020140324905514716
385,0.20403961928035969,0.024615120333738815,0.20219203233718872,0.016039071977138518
386,0.19249060520758995,0.017822729399762094,0.1867456268519163,0.016202118434011935
387,0.22073199077007863,0.016310130890745383,0.32372319996356963,0.012555366940796375
388,0.25911908539441914,0.015001758694266662,0.20240415632724762,0.017345239408314228
389,0.21335195322544911,0.017733916879082337,0.22410496771335603,0.01440101508051157
390,0.2130212490566266,0.017479407242857493,0.19611734375357628,0.020221968926489354
391,0.2652430273085021,0.019487186788748473,0.3108175814151764,0.01725262086838484
392,0.2378125394670627,0.01900935256614899,0.22344541251659394,0.018663135543465614
393,0.25215015789637196,0.01810819311783864,0.01932513415813446,0.043433607742190364
394,0.21380856180062088,0.017721761686679643,0.19232544749975206,0.015968047268688678
395,0.2682076979141969,0.013408272192837337,0.09494765549898147,0.017507180385291577
396,0.21342907287180424,0.016788200308115054,0.3524008899927139,0.013377156481146813
397,0.290524716106936,0.014963851119272219,0.14649712201207876,0.03033750280737877
398,0.2333993750075117,0.016026873260927506,0.3339998543262482,0.013918799161911011
399,0.22398105115653613,0.017672968335831776,0.14749591946601867,0.01821589656174183
400,0.24951675890956837,0.014708325457878603,0.22671643048524856,0.01694374568760395
401,0.21364923356435236,0.014584891187647978,0.09382435381412506,0.020753864757716657
402,0.26758530081655735,0.01667575103541215,0.1300797700881958,0.017566050216555596
403,0.267375376720268,0.013787480930869397,0.09211224913597107,0.027078293822705747
404,0.21016292283550286,0.01514646253333642,0.17832673490047454,0.018915300257503986
405,0.1765403824691207,0.015182604225209126,0.26334451586008073,0.015019653365015984
406,0.29377012403729635,0.014052361249923706,0.288176067173481,0.011957186087965966
407,0.24041262574684927,0.014287637427258186,0.19630505591630937,0.01935499981045723
408,0.2134532646443217,0.015233589336276054,0.22721482515335084,0.014492382854223251
409,0.2045793056440277,0.016163805428032692,0.07154304385185242,0.026626360788941383
410,0.24236703156613004,0.017050629147352316,0.015175263583660125,0.04011676423251629
411,0.22928758865843216,0.013979106138531979,0.2202068269252777,0.014191883616149426
412,0.26530572810234165,0.01546007163154009,0.34004123508930206,0.015145416557788848
413,0.32311002427759844,0.012757914140820503,0.23398045301437378,0.018119923025369643
414,0.22789463663521486,0.015325707550614309,0.301010050624609,0.019435309804975986
415,0.28169047297575533,0.014885621718489207,0.05055742859840393,0.024431276693940164
416,0.19591183272691873,0.016804669386683367,0.0,0.029380162805318834
417,0.26729729341772884,0.0212882193378531,0.17766062431037427,0.014004182256758212
418,0.15677666594871345,0.01852371273801113,0.2569582641124725,0.01338945347815752
419,0.26594110626058703,0.013868436145667847,0.2915962845087051,0.013382287882268428
420,0.23002386450146636,0.014156076078040477,0.20168491303920746,0.01650263909250498
421,0.2486411852714343,0.016457446683675814,0.06911043971776962,0.025976218096911908
422,0.24633865946760544,0.01598300326329011,0.11355215013027191,0.01642729602754116
423,0.24533074595428145,0.0189582620962308,0.2592956244945526,0.015715311281383038
424,0.2414700882986952,0.016511268268984098,0.32334673404693604,0.012817410752177238
425,0.2580981394037222,0.017838744757076103,0.2558141455054283,0.012166055850684643
426,0.20156826640073305,0.017478507322569687,0.1985735522583127,0.01301000863313675
427,0.19919202944789177,0.015904390826248206,0.15184229910373687,0.019244658201932906
428,0.243647398140568,0.01495434912160421,0.15543495118618011,0.018874122574925423
429,0.26680337169613594,0.014405158372261586,0.272463059425354,0.014094852656126023
430,0.24289477275063595,0.013952798138444241,0.1151435028295964,0.014965657331049442
431,0.23153560718473715,0.014697827876378328,0.22830912992358207,0.01414727084338665
432,0.25599513947963715,0.016215558354862224,0.22634158730506898,0.012605071626603603
433,0.2734628031746699,0.01273430848064331,0.12411048710346222,0.015080320462584496
434,0.2265054478477209,0.01658087830321911,0.12447075620293617,0.014477121271193027
435,0.2846889170782211,0.012407458721636197,0.11410824358463287,0.016441102512180804
436,0.24566290923991266,0.013518102180499297,0.4642199635505676,0.013035472761839629
437,0.16713172844491708,0.0133687782411774,0.340598401427269,0.011901558004319667
438,0.28245810839610225,0.0136295241327622,0.13257213830947875,0.02016548328101635
439,0.24058579061275873,0.014200150202482175,0.24705800116062165,0.016052906401455402
440,0.23621124568699786,0.013881412955621878,0.09063492743298411,0.015159411728382111
441,0.22856900226085997,0.013575845362188725,0.12693935842253268,0.013779211230576039
442,0.17688239220147714,0.015328581277758647,0.11814401447772979,0.026396268233656883
443,0.24117016496184546,0.016111957410780284,0.13630628529936076,0.015133450739085674
444,0.2354680490321838,0.014507318178239541,0.14891988709568976,0.025022379122674465
445,0.3307253598020627,0.01224116339849738,0.2858806401491165,0.015962675213813782
446,0.23770633989419693,0.013907369178457137,0.034189744293689726,0.03240007720887661
447,0.258592884724912,0.01404892000107047,0.06145237386226654,0.018520907312631608
448,0.23023040654758611,0.015411622726764435,0.17672731652855872,0.012946051731705665
449,0.23341081014428383,0.015623104018278612,0.18617911711335183,0.016708053089678286
450,0.206491396881831,0.021746269928721283,0.11990304961800576,0.015111116133630276
451,0.20669315098963964,0.01502208836758748,0.21188825368881226,0.016040397435426713
452,0.21544308786710295,0.014483818020194005,0.33847618103027344,0.01077026892453432
453,0.28990534907923293,0.012722312783201536,0.051823198795318604,0.018980947323143482
454,0.23536899399298888,0.015144081296733556,0.11551755079999566,0.020680819265544416
455,0.20993770740162104,0.015485511698688451,0.2587128758430481,0.019010140746831893
456,0.2338146769011823,0.018631742980617743,0.20261549949645996,0.020425932854413985
457,0.2645554583137616,0.01584668746456886,0.28114764392375946,0.01189369075000286
458,0.25944927108521837,0.01672830796824434,0.005069585889577866,0.03149331081658602
459,0.2263992400123523,0.015653929446274653,0.12906608656048774,0.01744149122387171
460,0.2510971555319161,0.012067356027471714,0.2050964653491974,0.01226117592304945
461,0.2453386833270391,0.014811778858972665,0.42765760123729707,0.01041291132569313
462,0.27499819997450314,0.013053827286244202,0.020184155087918043,0.035534987784922124
463,0.2197304004086898,0.015050851990683721,0.19442256446927786,0.014984114468097687
464,0.2416400114695231,0.014993490913930612,0.036734667420387265,0.017162288911640643
465,0.25937818146448055,0.012648799122335056,0.3332533672451973,0.012751472927629948
466,0.23542761391936204,0.012717514645117216,0.13606297671794892,0.015008739940822125
467,0.2669156678020954,0.014667582769806568,0.32628832161426546,0.010713588260114194
468,0.2570514987485531,0.012356013370056948,0.14785852562636137,0.015139150805771351
469,0.23644572658798632,0.012742059329190316,0.09692039713263512,0.01181677971035242
470,0.17511616749927783,0.01321539556225523,0.3109966546297073,0.011747710965573787
471,0.30915064288255495,0.011863764256047897,0.32084953784942627,0.010549902077764272
472,0.23151343220319504,0.013360882177948952,0.14799074903130532,0.016180228907614946
473,0.21546098138265407,0.013326085865115508,0.2776769310235977,0.010829924419522286
474,0.20772152966580903,0.013784091740560073,0.2191481426358223,0.013824887201189994
475,0.24676068609532636,0.015323991648470744,0.0821143627166748,0.01900736503303051
476,0.22100433122175625,0.012719019793738157,0.18248880729079248,0.01422465592622757
477,0.295302690890355,0.013410061717224427,0.3587231785058975,0.010628373362123966
478,0.33915295404119367,0.010468703539421162,0.10238843970000744,0.017301357910037042
479,0.24881815098417112,0.013665669848426031,0.37560819983482363,0.013048907835036516
480,0.31075864958648497,0.01339408166658802,0.16152394115924834,0.016033116914331912
481,0.213876232266044,0.014482305623973027,0.05312742665410042,0.0211337860673666
482,0.2701998216888079,0.019154651926305048,0.004072977229952812,0.027669107541441917
483,0.18857641451251814,0.01551093983774384,0.20878094881772996,0.012202663347125053
484,0.28109036376461005,0.012038675292084614,0.27467190772294997,0.011098490469157696
485,0.2524755557951255,0.01246466952113387,0.12960439324378967,0.017502273246645928
486,0.2658919426015554,0.013760696344364148,0.15690369084477424,0.0114556098356843
487,0.23449321958021477,0.014454709509244332,0.26519559025764466,0.013693451881408691
488,0.26178727041070277,0.016833832260603324,0.13539186877897008,0.02318769469857216
489,0.24923515594444978,0.01678743269533301,0.16475866651162505,0.016527506709098815
490,0.2701454481635338,0.01529353574061623,0.011803135741502047,0.02294803932309151
491,0.24239008287445474,0.014781983545384346,0.20192099940031766,0.012321289256215095
492,0.19641558108970714,0.013763613342188107,0.24446831196546553,0.012676529865711928
493,0.26917845364182424,0.012897161313165456,0.29677257090806963,0.01142478697001934
494,0.2628429304712858,0.012805752432308136,0.08326690047979354,0.026923494040966035
495,0.2639735656288954,0.012521658462878222,0.08740557283163071,0.018546490743756295
496,0.2317258908580511,0.012706155327554697,0.11618674993515014,0.02106768637895584
497,0.2567647017347507,0.014664360859359685,0.09993375241756439,0.0161838935688138
498,0.28003771359530777,0.011148750817833038,0.15065999925136567,0.01753842383623123
499,0.21074894237785768,0.01474468929406542,0.09226278215646744,0.025407522171735763
500,0.2824408809343974,0.01101533829783782,0.2274626225233078,0.016787925735116005
501,0.2518040414613027,0.012165156157257466,0.13347421884536742,0.020962683483958244
502,0.19734251212615234,0.011404065880924463,0.21845503747463227,0.01163388229906559
503,0.28680948760264957,0.012513009819369286,0.4815120756626129,0.0076005051843822
504,0.2523537901564477,0.011764464099915365,0.24303325414657592,0.012154493294656277
505,0.23346482692525172,0.012356217437161084,0.25956263542175295,0.01797391064465046
506,0.2586370180420673,0.012138687277164979,0.25745541900396346,0.010489432699978351
507,0.1770186767889521,0.012812885575187512,0.11359616741538048,0.022136095352470873
508,0.2716452837444078,0.013878462800326256,0.05292079374194145,0.013203059695661068
509,0.2460611693155116,0.013632503302338032,0.308210888504982,0.010596577171236276
510,0.37293726826707524,0.00962028248856465,0.32980926483869555,0.011509089730679989
511,0.22945332708649147,0.012636500780876631,0.250105956196785,0.012210878171026706
512,0.3120254594892359,0.011567968051307477,0.18605297207832336,0.02411829251796007
513,0.23178721649142411,0.014281050911029944,0.26834062337875364,0.010731702856719493
514,0.27017321886542517,0.012805051062829219,0.2254457652568817,0.01660860488191247
515,0.2201908809156754,0.019570125481830195,0.1276695728302002,0.01440133098512888
516,0.22665687517907757,0.012759547811956743,0.18660158067941665,0.014211218059062957
517,0.22784199345952424,0.013148923153774096,0.28538275361061094,0.014638685341924428
518,0.32554097607349736,0.01121048883606608,0.25092809125781057,0.009874549508094788
519,0.232882594021085,0.013972236774861813,0.23753826338797807,0.016137423738837243
520,0.23518978976286375,0.01307650300889061,0.22053812444210052,0.013392292335629464
521,0.258435473144532,0.016814101391877882,0.17950821332633496,0.016036843415349722
522,0.2759636084620769,0.014359333373319644,0.26038798242807387,0.01078165965154767
523,0.23384738890215373,0.015765013053822212,0.3204569786787033,0.010723609756678344
524,0.23842967640704069,0.013560210342686146,0.08662999868392944,0.019157933816313744
525,0.24660231192142534,0.011075786565645384,0.10982448011636733,0.017357554472982883
526,0.2420217600197364,0.013167477248666378,0.25660590529441835,0.01247779382392764
527,0.28264790386534655,0.011693645483599259,0.1646752253174782,0.01540123950690031
528,0.23136337368916243,0.013226192050541822,0.14871699064970018,0.01293288916349411
529,0.2470304009337456,0.013565738757069293,0.12451367378234864,0.01380008477717638
530,0.29030288209040195,0.011078266522441154,0.3400367576628923,0.011990061961114407
531,0.24891517168054214,0.011220582916090885,0.1051145251840353,0.017189997248351574
532,0.26106033579279214,0.013606781139969826,0.09322450608015061,0.02515544220805168
533,0.2842008230300286,0.010175560386135029,0.1521359860897064,0.016278270818293094
534,0.20894343842967197,0.011692434585151764,0.3230290964245796,0.009882416017353535
535,0.19762949114038536,0.011922920934664898,0.2813135087490082,0.011207325197756291
536,0.3009924652556387,0.01053918785869311,0.2101733071656781,0.01289544366300106
537,0.2535198754033981,0.012154605944091693,0.14091826155781745,0.011858399584889412
538,0.25044022409770733,0.011404925921502022,0.16359658613801004,0.016253947280347347
539,0.2033295665975087,0.012475493423736248,0.04459702968597412,0.023578510992228983
540,0.25620640413119244,0.013777767737897543,0.10351888090372086,0.021524327620863915
541,0.24074114319414663,0.011518528350652793,0.24145760047249495,0.012465537060052156
542,0.3447098353734383,0.011542712457669087,0.2571344166994095,0.013046525325626135
543,0.32184909599331707,0.010025194058051476,0.12387780100107193,0.014743387699127197
544,0.2543757150355631,0.011794784022733951,0.058264818787574765,0.018016705848276617
545,0.302832807151553,0.011970770210982898,0.13809543922543527,0.012295967154204845
546,0.22630478051276162,0.013629905198915647,0.04978660724191286,0.020925079844892024
547,0.2581750181240913,0.018272044053540017,0.0,0.01987851969897747
548,0.14616293102526703,0.01526743887613217,0.23640036582946777,0.0173333459533751
549,0.21587342940844023,0.011737116457273563,0.21924277991056443,0.014889729768037796
550,0.2548670798349075,0.011580772268084379,0.2215913712978363,0.01941139902919531
551,0.24763769350754908,0.012722101014776107,0.13401100635528565,0.01357444990426302
552,0.24491855638244978,0.013041178027215676,0.2117524031549692,0.012277331948280335
553,0.27864092325743955,0.015726637525054123,0.04906360227614641,0.017358175851404666
554,0.24642467837876234,0.014908172273769593,0.07614310085773468,0.01813691360875964
555,0.28099464787504613,0.014184612721109238,0.06729561239480972,0.030530757457017898
556,0.21145396424570861,0.013521681838215161,0.1092175930738449,0.019144321978092193
557,0.21455391312543398,0.011744936749052543,0.21247842013835908,0.01670551160350442
558,0.2673788200825071,0.012139154932437798,0.1929273184388876,0.011435578111559153
559,0.2789212506419669,0.011271227975017749,0.19032552577555178,0.017257469706237316
560,0.26455465188393223,0.011328319780146465,0.13153845071792603,0.013562555983662605
561,0.25502546885026955,0.011534691418115145,0.275953072309494,0.009314869903028012
562,0.24197304564026687,0.013267560432163568,0.4184749275445938,0.008401894010603428
563,0.29397828709811735,0.010194838250008149,0.17859627157449723,0.014214233122766018
564,0.25443103136673856,0.01258196479951342,0.04478445937857032,0.01906296592205763
565,0.2913001724638236,0.010128997708073793,0.13564622402191162,0.013784846663475037
566,0.19983408419797435,0.011792366966032065,0.18271559253334999,0.010350373666733503
567,0.24343334396298116,0.009977758181496309,0.23639422953128814,0.01419232115149498
568,0.27332203639432406,0.011254849891440991,0.22353139370679856,0.010580207780003547
569,0.24088824772013304,0.0111611334201044,0.15657102055847644,0.016009124089032413
570,0.23589729818587118,0.011524083307729317,0.3512443095445633,0.009388042986392975
571,0.27026385197845787,0.011064809317199083,0.14234070777893065,0.017648239992558955
572,0.18441652740614536,0.011321118220877953,0.20072526335716248,0.01167437294498086
573,0.27333533118526715,0.01265512183547402,0.10559401772916317,0.013806424662470817
574,0.2561232280702545,0.012885951329595767,0.20856326967477798,0.014348341152071953
575,0.3887517460836814,0.008597788424828114,0.05865615059155971,0.0292745029553771
576,0.23126671180272332,0.011906814964440389,0.05979169458150864,0.016477921232581138
577,0.3033600721794825,0.01125632862870892,0.32621722519397733,0.012315544951707124
578,0.24301637761676922,0.01225706069276501,0.0916651427745819,0.010899876151233912
579,0.25609296199026854,0.01183003788957229,0.17769749462604523,0.010084440372884274
580,0.22698101769082057,0.01802777883429558,0.22689054608345033,0.014265304803848267
581,0.2489322120180497,0.01125360761458675,0.03383539319038391,0.018981659226119517
582,0.19369700302680334,0.012348313565151049,0.06103369146585465,0.023381678387522697
583,0.33550188088646304,0.010398204032427225,0.14612312465906144,0.015085091535001992
584,0.2595751384416452,0.012493530240578529,0.1949493855237961,0.015213050134479999
585,0.23980372169843087,0.012016815790094627,0.2738490253686905,0.01006980612874031
586,0.2549063357261893,0.015660579602878828,0.2686234563589096,0.010197755880653858
587,0.283603168068788,0.012954472862661649,0.20289228558540345,0.011398430075496435
588,0.22571557817550805,0.01506386888332856,0.19115787670016288,0.013562906347215176
589,0.22092308301048783,0.013128268377234539,0.09002436250448227,0.01320122554898262
590,0.2553484577399034,0.010052541139511725,0.393466055393219,0.008865946996957063
591,0.2785294066923551,0.012249542006219808,0.25376407951116564,0.009545702487230301
592,0.28853594332646865,0.010517037246758357,0.2293206050992012,0.010297145508229733
593,0.24773230383363673,0.01176633363446364,0.10301387459039688,0.016708786133676767
594,0.26277995651635605,0.012694974585125843,0.2396116226911545,0.013144683465361596
595,0.2815467710487353,0.010170226033108357,0.35243182480335233,0.007877778541296721
596,0.2630742743659096,0.010953585414263682,0.09446862880140543,0.012374728731811047
597,0.2638001314913615,0.012136234245143639,0.1415918916463852,0.01361087393015623
598,0.29535506770778924,0.00880584640141863,0.19839222431182862,0.010941528342664241
599,0.21707582703003517,0.011301070857697573,0.11470551788806915,0.012987640127539635
600,0.23215749070573694,0.010386860021987023,0.15790392123162747,0.009976127743721008
601,0.3010611779605731,0.009527628381664936,0.19847172126173973,0.008942624647170305
602,0.23372331887292555,0.011694173567379132,0.2927085518836975,0.011638401634991169
603,0.2532438785315324,0.010801383294165134,0.283075787127018,0.011560177151113748
604,0.209851391569268,0.011350002318907242,0.2344100520014763,0.0156976705417037
605,0.26151327865246016,0.013242038886229962,0.23330099880695343,0.015688261203467845
606,0.23415682532299215,0.010562661665085798,0.25181559324264524,0.010596461035311222
607,0.38386587005777234,0.010247811675071716,0.2769008696079254,0.01259904494509101
608,0.30039091541981083,0.009222434415744666,0.2427419349551201,0.01429597632959485
609,0.277902455904927,0.010696025696606973,0.14088338017463684,0.018026560731232166
610,0.3182334983960176,0.009901976511359979,0.18421789705753328,0.010545350704342126
611,0.2223302798990447,0.012213508443286022,0.2831525832414627,0.007877257466316224
612,0.2698437879100824,0.017158543810439415,0.05339189115911722,0.01599108623340726
613,0.20612640191729253,0.01201793685173377,0.2106403350830078,0.014128000661730766
614,0.29208958201492446,0.01082853144273544,0.13768137991428375,0.016911477781832218
615,0.2896795854366456,0.01059505054488396,0.3665111601352692,0.010132575500756502
616,0.2637574926782877,0.011342174898928557,0.18261178778484463,0.012974697165191174
617,0.23554800563038159,0.012378576319091596,0.2509870149195194,0.013344098441302776
618,0.27553828987173545,0.014630502639099574,0.13668836951255797,0.013907596468925476
619,0.2684801889058107,0.013584837544327363,0.0889833016321063,0.019364117179065943
620,0.27853160781356007,0.013323325783205338,0.11086199805140495,0.027086522802710532
621,0.22948489137567007,0.01240846720070411,0.06458737254142762,0.02407444268465042
622,0.23164021835113183,0.0099746191706986,0.07642108201980591,0.017497514095157384
623,0.2987293525575063,0.011171874888718892,0.16571985445916654,0.011206959467381239
624,0.2975541513460951,0.01016018009529664,0.27201292887330053,0.0137156518176198
625,0.25902284958805794,0.01057660684753687,0.14315273370593787,0.013185563962906599
626,0.25991140093463355,0.010741466226486059,0.17705478072166442,0.011559080705046654
627,0.2639733533351085,0.012456638475832267,0.4197257310152054,0.009080564323812722
628,0.25919514240171665,0.010393933834842382,0.179742032289505,0.012762356083840132
629,0.26241902023171765,0.01137633965565608,0.11245327526703477,0.014529628120362759
630,0.29385025550921756,0.009311063895718409,0.14744705557823182,0.011574513465166091
631,0.18905223707835644,0.010732268031017903,0.2695048198103905,0.00883652362972498
632,0.26985120071241486,0.008774636719280329,0.21848312318325042,0.012105383072048425
633,0.28682481384394354,0.010198065175268894,0.1369170367717743,0.009915127791464329
634,0.25487089949922687,0.0103191520469502,0.1787801094353199,0.011797371227294207
635,0.2758096450796494,0.010037875782029752,0.29699070900678637,0.008786135353147984
636,0.26561016874769944,0.011305623723623844,0.2091503083705902,0.01869823019951582
637,0.21750117831218702,0.009317639785317274,0.20693827122449876,0.011678897589445115
638,0.26270930129939163,0.012148303027527455,0.10682442970573902,0.01296296902000904
639,0.30631205186737365,0.011066692260404428,0.23331743031740187,0.013285847660154105
640,0.4029953007896741,0.007727755293345604,0.1290689742192626,0.016479960270226003
641,0.23952075301293427,0.010373808156985503,0.01620684266090393,0.016048440150916575
642,0.3181852929962751,0.010374566349081503,0.32067571580410004,0.009916050452739
643,0.2315346136307105,0.01193485490213602,0.0662143275141716,0.011574603803455829
644,0.2758194845742904,0.009596699060728917,0.32139488458633425,0.007512326631695032
645,0.22815342141219822,0.017028305190018356,0.35179529786109925,0.013071638718247413
646,0.272494664367957,0.009900465344962401,0.05875950232148171,0.022163587063550948
647,0.20310899273802838,0.011170497414870905,0.14067573994398117,0.010792505647987127
648,0.3488022704155017,0.009873876395897988,0.1588501363992691,0.012285777367651463
649,0.28559610916253847,0.011571520378287787,0.22420988827943802,0.012860117107629776
650,0.23787947554284564,0.010782889508379575,0.2829980581998825,0.009786732587963342
651,0.2555472294394022,0.015070166152257185,0.2709250882267952,0.009999359492212534
652,0.28089103924158293,0.01194668429879806,0.23988443985581398,0.008831806201487779
653,0.26421465681722534,0.0136327111424926,0.1590515911579132,0.014846813958138227
654,0.21130942749098325,0.011883947640084304,0.099387027323246,0.010111389588564635
655,0.2755925768078902,0.010903536700285398,0.31804347946308553,0.00924839759245515
656,0.28374195203949243,0.009276063981442114,0.19354835152626038,0.009948443342000245
657,0.2894916018853203,0.009802188401898513,0.24462350010871886,0.008701552543789149
658,0.2709428535965391,0.010992276840485059,0.1890009582042694,0.014700650423765182
659,0.26171875329544914,0.011795689507077137,0.2755009412765503,0.010142334830015897
660,0.29588271085268414,0.009141123447662745,0.31279985010623934,0.007303994242101907
661,0.24844137154435977,0.010784235006819168,0.18808480277657508,0.009090680256485939
662,0.2839978070069964,0.010132714222447995,0.18716210052371024,0.01207850519567728
663,0.27632359835581904,0.008443454996897625,0.1379232719540596,0.009848068282008172
664,0.21957557325740942,0.00984429369847744,0.10509335547685623,0.012641474045813084
665,0.2681132570291177,0.009613320709039003,0.12629577852785587,0.009637591242790223
666,0.3084302210272887,0.008827949587542277,0.19475969225168227,0.008103120699524879
667,0.2805642183774557,0.010650464763435034,0.23131365180015565,0.008601692784577609
668,0.2748312145092477,0.0095998084005446,0.25847324579954145,0.0086203932762146
669,0.22175696291602576,0.010294749162709102,0.29144378900527956,0.008577677700668574
670,0.25166417324008084,0.012580296442581292,0.24131414592266082,0.011330725066363812
671,0.26996360270258707,0.009751646385456506,0.23420815467834472,0.010400911513715982
672,0.4297783730121759,0.008582241498889068,0.07334370650351048,0.011382230371236802
673,0.3176077992583697,0.008479561191052198,0.3249764420092106,0.008251868560910225
674,0.2809163069543548,0.009959306269406509,0.3088073253631592,0.00876772329211235
675,0.3270576464322706,0.008945593073104437,0.17432927824556826,0.011590849980711937
676,0.2170206770981447,0.011227572742754068,0.15618934631347656,0.014461514167487621
677,0.2972852209439644,0.01556304608209011,0.2611350893974304,0.009579864982515573
678,0.2329223833214014,0.010571543031778092,0.24727686867117882,0.009296570904552937
679,0.27372005568721736,0.009897353700720347,0.07379220128059387,0.036280390713363884
680,0.30049859312100285,0.009866389648941083,0.22601205240935088,0.01217912146821618
681,0.28216133820704925,0.009610365694149947,0.2554486632347107,0.011042161099612712
682,0.2318137840185768,0.012434992318352064,0.2890649735927582,0.01673975624144077
683,0.2847622697934126,0.013229013778842412,0.24332040399312974,0.013250783924013377
684,0.25375044978080463,0.01246657963985434,0.036004085838794705,0.025351968966424464
685,0.30475611249223733,0.013070936840123091,0.09303318560123444,0.017339959926903247
686,0.20521250321792486,0.012280272594533669,0.06493575274944305,0.02135849930346012
687,0.24523651036314476,0.008933805096416902,0.41560949981212614,0.008279486186802387
688,0.28796243121346027,0.010585779992815776,0.09018384367227554,0.02638563243672252
689,0.2853628476836886,0.009624606762558986,0.22067442366387696,0.00830301670357585
690,0.27500787897942924,0.009780782824143385,0.050066548585891726,0.02358854841440916
691,0.2738967147202064,0.010101777525284352,0.07690701130777597,0.013826403860002756
692,0.2539667300432204,0.01177359421331531,0.23784828186035156,0.01350572369992733
693,0.25321641163184094,0.009733380594601234,0.2156176745891571,0.010732498858124018
694,0.2856632292461701,0.01038794357998249,0.1974007874727249,0.011824976373463868
695,0.3325762538096079,0.007817120291292667,0.22829138934612275,0.013560451939702034
696,0.20045299584475848,0.009913877178079043,0.30725842248648405,0.007743486296385526
697,0.2607398702739141,0.00879826253423324,0.2736248686909676,0.012287594191730023
698,0.30506351948357546,0.00895236604488813,0.21884265393018723,0.009166681114584208
699,0.2847302482964901,0.009200119652236119,0.2463056653738022,0.01034881379455328
700,0.2847652348379294,0.009187928150193049,0.3392991818487644,0.007989216037094593
701,0.2775566816413536,0.010403655624638,0.07356644719839096,0.020822057034820318
702,0.25459230214190215,0.011580646682817202,0.29720289260149,0.00978189017623663
703,0.2740740023839932,0.008354708110579314,0.16201302874833345,0.011246903054416179
704,0.3513768463849257,0.009936319640240608,0.31101515144109726,0.011573889572173358
705,0.3929451738890165,0.007058100022662144,0.3161858722567558,0.010839963424950838
706,0.2630991138971578,0.009565661350886026,0.0435765415430069,0.016068212874233722
707,0.33865354283569526,0.009335857839920582,0.26435252130031583,0.008531822264194489
708,0.22657926041238868,0.011402569173906859,0.12095138654112816,0.008951074071228504
709,0.2683703386036751,0.008722318037866782,0.29589253664016724,0.007541612442582846
710,0.24161256156646863,0.016148235469769973,0.2831010341644287,0.011238542478531599
711,0.3014604898217397,0.00868038242109693,0.13086192905902863,0.01612616376951337
712,0.24685455151857474,0.0095548807667234,0.1834767997264862,0.010529557708650827
713,0.3231583729099769,0.009313119730601708,0.12892467025667428,0.011919125262647868
714,0.2823118270637515,0.010950766384410553,0.15586551576852797,0.011178040876984596
715,0.2522716590752586,0.010454773652152373,0.3286033034324646,0.008907896932214499
716,0.2560793002709173,0.013951404927632747,0.23598596155643464,0.00798474084585905
717,0.30012558305110687,0.010890111589852052,0.26530595757067205,0.007380782533437014
718,0.22833036585973623,0.013296949474188762,0.07791532874107361,0.0171563982963562
719,0.18801589222409978,0.011532990309672479,0.19976351261138917,0.010450593009591103
720,0.3162995815659181,0.009843623862625698,0.2150283731520176,0.008756181132048369
721,0.27585381098712486,0.009260556899393216,0.17333386540412904,0.009971849154680967
722,0.2781995660028396,0.009754156920676813,0.21974743604660035,0.008617190457880498
723,0.2911331570850542,0.009714987511054063,0.25483131408691406,0.0087297972291708
724,0.25517711740655774,0.011216334592646513,0.3024666652083397,0.008862906228750944
725,0.31547111972497827,0.008414053823798895,0.2049884907901287,0.009278335329145192
726,0.23927076487523616,0.0104969376578736,0.3336752727627754,0.009047192428261042
727,0.30936369304664624,0.008812468009403883,0.43085012435913084,0.007052766717970371
728,0.2651951856529101,0.007910185386068545,0.29196731448173524,0.007934477366507053
729,0.23647719349425572,0.008812332418389045,0.15780008360743522,0.01015238268300891
730,0.28959273933791196,0.008295757039330708,0.24106703624129294,0.007920922432094812
731,0.30285052015470004,0.008628481306517735,0.03323434293270111,0.012302440591156483
732,0.2939735438961249,0.00927549087179777,0.1568774849176407,0.01024840846657753
733,0.2818068025442652,0.008674206570363961,0.16007342115044593,0.00963109703734517
734,0.26228108987785304,0.008937339728268294,0.05159688740968704,0.01485733799636364
735,0.2692883876629938,0.011616069942903824,0.2394146665930748,0.008183508459478617
736,0.2978546782754935,0.008837975681019135,0.1899893045425415,0.013805082719773053
737,0.4129654172903452,0.007907132856929913,0.08142007440328598,0.018925295025110245
738,0.3182567003636788,0.008136586990589514,0.16150420643389224,0.007833302393555642
739,0.3144298524189836,0.008500042144591227,0.34030705094337466,0.007652431167662144
740,0.2975582345747031,0.008960816615189496,0.13175834864377975,0.013379549980163575
741,0.2307470943301152,0.010502008100350698,0.21862293109297753,0.009725071955472231
742,0.30812529531809,0.01473826795625381,0.22321922481060028,0.006872306019067765
743,0.24614333485563597,0.009560871558884779,0.2626516468822956,0.007715153880417347
744,0.255770683569165,0.009290049807765545,0.11627436876296997,0.016495409701019526
745,0.2919236450241162,0.00902392540891201,0.1599781546741724,0.013553666323423386
746,0.30564933611700934,0.00931685653109199,0.14632567763328552,0.013475586846470832
747,0.22191144459140608,0.011069383269223647,0.20679050981998442,0.018280215188860895
748,0.2588767138047096,0.013148435463125888,0.12577685303986072,0.014602580294013023
749,0.2600414026528597,0.011905158487841105,0.1629441797733307,0.020019910112023354
750,0.2843936517691383,0.012292234203181205,0.05072685033082962,0.018807726353406905
751,0.1964157154508986,0.011335692655008573,0.1650675803422928,0.011912035662680865
752,0.3052704736399345,0.007333426449734431,0.48592364192008974,0.006919693574309349
753,0.2806059594433277,0.010396610921583114,0.12803442627191544,0.023471121024340392
754,0.30529854913504845,0.008870858328942305,0.2739605098962784,0.008033243007957935
755,0.2858169872122697,0.009993600718772564,0.08309785723686218,0.018310382030904293
756,0.29031884314444584,0.0109603170854732,0.0971870849840343,0.012397852446883916
757,0.2705503198055503,0.009071380496980289,0.33260871793609115,0.010802564863115548
758,0.26508394593316226,0.008746790604140514,0.32597164064645767,0.00789732951670885
759,0.2983533738133235,0.009316140929093728,0.34165713787078855,0.010892552882432937
760,0.32308270494477487,0.007689631066452234,0.2898100107908249,0.01113640833646059
761,0.22998495848897177,0.008944750751535863,0.3120200663805008,0.007708160765469074
762,0.229812051074054,0.008411342278122902,0.31532444059848785,0.006992797274142504
763,0.36074335978199273,0.007612821622154651,0.20236580297350884,0.00873897857964039
764,0.28148707862083727,0.0086289106701047,0.2574313323944807,0.010746240243315696
765,0.2897556758995425,0.008796549390237302,0.3605571448802948,0.007245951145887375
766,0.25513929343567443,0.009658245465312248,0.3281345684081316,0.00928932586684823
767,0.25857861406910115,0.011080225702757254,0.22560969293117522,0.010987807903438807
768,0.3073455948287096,0.0076294901470343275,0.3447555273771286,0.007204489689320326
769,0.3768083053903702,0.008882828725454135,0.1470293608494103,0.014540554210543632
770,0.4062997050440082,0.006838104502560618,0.2500020392239094,0.008212338667362928
771,0.2695554032181509,0.009007563050358724,0.20003687515854834,0.017482742294669153
772,0.3327966930392461,0.008357394283685165,0.22341001816093922,0.008348643314093351
773,0.21761475214495873,0.010505402341293983,0.19784973363857716,0.007980164419859648
774,0.2656780978043874,0.010805599391460419,0.18363207057118416,0.007380616199225187
775,0.24352121294643253,0.013361262569490533,0.30177881971467285,0.007853371184319257
776,0.3057345249331914,0.007962411735206842,0.15489723682403564,0.011339613702148199
777,0.26291047495145065,0.009090894761566933,0.23168681897222995,0.01299928892403841
778,0.2854716368497182,0.00967131095389143,0.393172687292099,0.007584285363554955
779,0.2898072625677555,0.00937469320323987,0.16629854887723922,0.011364975571632385
780,0.23929623576502004,0.013583614168545375,0.1746482267975807,0.011151614598929882
781,0.2533119664264795,0.01010480757134083,0.3391291439533234,0.007437257282435894
782,0.3131116597602765,0.010024998325090378,0.17822606414556502,0.011464683897793293
783,0.23272745688565266,0.012888038172744788,0.10267571806907654,0.015171750262379647
784,0.22455914420051834,0.010173490676933374,0.27908375263214114,0.007666011713445187
785,0.3238864904985978,0.009193836042705255,0.12390474081039429,0.018666863907128572
786,0.27852919260756326,0.00904009017185905,0.21326830389443785,0.00857241153717041
787,0.2989938934453023,0.008617398352959217,0.09465449750423431,0.016270549967885017
788,0.3057887216265767,0.009079130820165843,0.059954768233001235,0.019294644705951214
789,0.2882950569097048,0.010477551366560735,0.2515034735202789,0.013524252828210593
790,0.3108846199913667,0.007847756278725007,0.28207306265830995,0.015501523483544588
791,0.21422543207732722,0.01084500421077395,0.08186692297458649,0.02255146075040102
792,0.3345397226512432,0.007872753275128512,0.0,0.015495614893734456
793,0.23538148431823805,0.008003372794542557,0.3397669047117233,0.006314644869416952
794,0.2716309575555034,0.00761714457677534,0.23405323624610902,0.008252123091369867
795,0.3073198111512913,0.00777596133784988,0.27284735441207886,0.007826049160212279
796,0.28077001690578,0.00831679898338058,0.0811371736228466,0.014119227789342404
797,0.31988606124352187,0.008454733731177373,0.23848492838442326,0.00993800489231944
798,0.31481093883466643,0.00789341814099596,0.12383860349655151,0.018552751932293176
799,0.2711300608725884,0.008203299674324883,0.2160935878753662,0.008006378635764122
800,0.269525568263653,0.011125315709087329,0.27794925346970556,0.006532536260783673
801,0.32106895588386136,0.00799762617605619,0.22357618510723115,0.01133958138525486
802,0.4264165543210812,0.006915492202656774,0.14910324662923813,0.011812181212008
803,0.3187836161456429,0.007859778996461477,0.0,0.02154830452054739
804,0.32655506628828174,0.00812135230248364,0.2247508019208908,0.008770057745277882
805,0.2839260489727633,0.009321427545868434,0.15713336765766145,0.010100879799574613
806,0.25534094249208766,0.008992707559791131,0.18571170568466186,0.00931710135191679
807,0.29477920345006847,0.014702495474081773,0.2575646281242371,0.010568396653980017
808,0.25638932887560284,0.008978569354766455,0.11957688927650452,0.011697918828576803
809,0.23808352077284303,0.009076369197991414,0.3086720444262028,0.007323832251131535
810,0.34868941265038955,0.007975277556584049,0.11161254644393921,0.014068826753646135
811,0.3090896142216829,0.009306875690340232,0.17346303761005402,0.012070497684180736
812,0.244808349901667,0.009676814574796038,0.07378270626068115,0.014626757707446814
813,0.25352473812362847,0.01301819140998981,0.42680673599243163,0.007253357302397489
814,0.29503497381049854,0.011205264749244237,0.041676320135593414,0.02479770313948393
815,0.27875648762505406,0.011818678070528384,0.08177609192207455,0.03002320472151041
816,0.19549995368251052,0.011027367122901173,0.1943116158246994,0.016397665068507195
817,0.36401059650457823,0.00610534539923836,0.24187353774905204,0.007236745394766331
818,0.27566620191702473,0.010137322633407818,0.278396875038743,0.01216682381927967
819,0.32877387264027047,0.008251668592819419,0.06857675909996033,0.012560289632529021
820,0.28869822583137417,0.009588740091436567,0.25195284485816954,0.008089427277445793
821,0.27887589441469085,0.010564797963851538,0.2020760178565979,0.010601971391588449
822,0.2958511936549957,0.008281471625639077,0.217031563911587,0.00971317570656538
823,0.2706728061117853,0.008002477465197444,0.08937462446046993,0.010856975801289082
824,0.29987586652621245,0.00923707040074544,0.33592353016138077,0.007211944879963994
825,0.3488296186312651,0.006937282882296504,0.14055845737457276,0.008148398902267217
826,0.22271654191307533,0.008567187779893478,0.12933705784380436,0.009150976873934269
827,0.23508893598157626,0.007929750670416232,0.08380867093801499,0.012831969745457172
828,0.3846466240640252,0.006882082557496734,0.19134986400604248,0.008564447797834874
829,0.28814582728470367,0.007732747707706995,0.22397316098213196,0.01015994381159544
830,0.30399709024156135,0.008274765649380593,0.3530445322394371,0.007945463247597217
831,0.28277166755511784,0.008822299599743042,0.3313123419880867,0.007195023773238063
832,0.31074289058167964,0.009995917228456492,0.24738435745239257,0.009866201039403676
833,0.3111539359849233,0.007410207226012762,0.45299174189567565,0.0052818023599684235
834,0.3702853870076629,0.00812396078179471,0.28595425486564635,0.009007344581186771
835,0.4221593980701306,0.006330233658305728,0.3927028924226761,0.006154525792226195
836,0.26868293565423346,0.008595218213322835,0.3346505679190159,0.011871322523802519
837,0.3452454513201538,0.007615439659462144,0.2831700325012207,0.0074034384451806545
838,0.23416182924157533,0.009574597880530816,0.2238816499710083,0.007004945073276758
839,0.2979550067430887,0.01316776098564076,0.23111504912376404,0.010020135249942542
840,0.25640482824439037,0.00940122940720847,0.35646270513534545,0.00702066058292985
841,0.3023718712994686,0.007349261596130255,0.28183271586894987,0.011395277362316847
842,0.2838849042518399,0.008226905692703066,0.3553715616464615,0.005911417957395315
843,0.30748529522082746,0.00920710980725021,0.3992802441120148,0.007018079608678817
844,0.29965599354069966,0.009044483107013198,0.2105811469256878,0.010653120744973422
845,0.23773157219283092,0.012544685759796547,0.3238265499472618,0.01056664828211069
846,0.2709488233503623,0.009684770105358882,0.33095715157687666,0.006838516518473625
847,0.27255667217422086,0.011632414307827368,0.3893699884414673,0.008305131364613772
848,0.22345167110697964,0.01139170771990067,0.07072578966617585,0.015458134561777115
849,0.26535868770681703,0.008361515684578663,0.18708247356116772,0.008476398698985577
850,0.3054410728793114,0.009053048427001787,0.13741727992892266,0.011594428867101669
851,0.29189848438956034,0.00873451449502355,0.2433811638969928,0.00808140318840742
852,0.3292797990143299,0.008131458847902907,0.06551987081766128,0.016797063499689104
853,0.2737832658398801,0.009100400221844515,0.07884700447320939,0.01775066265836358
854,0.2960362229973842,0.00995381977647925,0.25334036103449764,0.012389516970142723
855,0.3269603537061276,0.0075859795921506025,0.2860735524445772,0.013802035991102458
856,0.2402721074027702,0.009722894105391625,0.11480085626244545,0.018085297383368015
857,0.357110309199645,0.006987113786192658,0.0,0.01688393671065569
858,0.2646318966379532,0.007494148822166981,0.48253700137138367,0.0069554286077618595
859,0.2705278668839198,0.00696188383974517,0.3009919822216034,0.006718843197450042
860,0.33390703548987705,0.007131011983475242,0.31900583147071304,0.00731624998152256
861,0.2689418097814688,0.008200705260372696,0.20206867083907126,0.010146861616522073
862,0.35412983436328477,0.007389711383252571,0.16434658616781234,0.013260660879313945
863,0.3335675255705913,0.007528394794999025,0.12045210748910903,0.01916123293340206
864,0.26249179320457655,0.00827082879960728,0.4522874683141708,0.004858116200193763
865,0.2973160971768009,0.010007262397079896,0.18031571470201016,0.006532486295327544
866,0.32174200287614113,0.007832839667128447,0.3264610469341278,0.007955120783299208
867,0.4620047858558022,0.006274278036867961,0.2729125052690506,0.007788118347525597
868,0.30624882673892456,0.007976670934556004,0.00755842924118042,0.01925441436469555
869,0.3485903039765664,0.0072157217595630735,0.23543595224618913,0.006903320085257292
870,0.27890352064218277,0.008488224741692344,0.25521897431463003,0.011156829074025154
871,0.27755433270851004,0.008996673125343828,0.132923486828804,0.010432044882327319
872,0.28634437086442727,0.013536005591352781,0.26303189545869826,0.010642309486865998
873,0.28559520253195214,0.007910380510087961,0.12831543236970902,0.010014183539897203
874,0.2717036275336376,0.00809638368156858,0.2716856628656387,0.007769049610942602
875,0.32387821949445283,0.007737621300829909,0.085677969455719,0.01722808852791786
876,0.30109395659886873,0.009140578874697288,0.22173612415790558,0.012035191338509322
877,0.21738828690006182,0.009316594572737813,0.08278944045305252,0.014356172271072864
878,0.23549017815205914,0.01304394421645273,0.49120426177978516,0.006457298807799816
879,0.2983766382273573,0.010449421245795794,0.23926571607589722,0.01512988917529583
880,0.2865319851075466,0.011710622849372717,0.18248725160956383,0.0222396157681942
881,0.20339476388807481,0.010325416994209472,0.14324846640229225,0.015032695140689611
882,0.3851809261414485,0.005640756816436083,0.23981086649000644,0.0076345475390553474
883,0.2717264713003085,0.010177259082691027,0.19197496697306632,0.008216048497706652
884,0.3394388949068693,0.007708898906667645,0.16421599984169005,0.01115685785189271
885,0.2745345327525567,0.00945870492917796,0.14498709440231322,0.00865522688254714
886,0.2992763940531474,0.009883305714585079,0.2904658913612366,0.0073829828761518
887,0.3061599201307847,0.00753267653262577,0.2542141854763031,0.007228279113769531
888,0.2799116113664917,0.007687147850027451,0.08130624517798424,0.010766180511564017
889,0.31166977390575296,0.009109954946698287,0.21596162766218185,0.007971900328993798
890,0.339007379534917,0.006610097751642267,0.14637662917375566,0.010075864847749472
891,0.2408367775571652,0.007678268554930885,0.1384501837193966,0.010111465025693179
892,0.2486509313711371,0.007602061509178617,0.2892541572451591,0.007768233213573695
893,0.3748407257830527,0.006322807118965265,0.23764061480760573,0.011074279621243476
894,0.2899191207849445,0.007835854328452395,0.32624927153810857,0.0067589232232421635
895,0.310077719282932,0.007754831807687879,0.06809701621532441,0.011057939939200878
896,0.324993175191757,0.007620465595466204,0.23903471492230893,0.009639058727771044
897,0.29840373074731386,0.009558468418291364,0.11471391022205353,0.017730728816241027
898,0.343710638415546,0.007072994551167657,0.14559919089078904,0.01514093354344368
899,0.3605887744671259,0.007779838797899011,0.19580913484096527,0.012121519539505243
900,0.43402982451833594,0.005956586724959123,0.16597186848521234,0.012806643359363079
901,0.2850811307151348,0.007905385916670546,0.31514241397380827,0.00903991241939366
902,0.38951619599874204,0.007014600631709282,0.28103828243911266,0.006092959037050605
903,0.2206606770364138,0.009316560824234515,0.21400063931941987,0.008918876573443413
904,0.3341811020643665,0.012261515310129676,0.04646225459873676,0.00995123004540801
905,0.2390585502084249,0.008876775910791296,0.13238665461540222,0.008890287764370442
906,0.3113783007153334,0.006652908417611168,0.1573366641998291,0.018212832044810057
907,0.3065634325910837,0.007780140725513682,0.3517617926001549,0.01256279475055635
908,0.2935154562016042,0.008592969200645503,0.14617857411503793,0.006948562804609537
909,0.2885806157420843,0.008877105754203139,0.2296813376247883,0.015262995753437281
910,0.2780808702302285,0.011929674109873863,0.1457385540008545,0.011547204479575158
911,0.25407637775135344,0.011110945121170236,0.030282310396432876,0.012027965113520622
912,0.28798807427907985,0.010882616293831514,0.30080706980079414,0.008913671551272272
913,0.24407161282709774,0.009246905626824651,0.1241642840206623,0.008750787656754255
914,0.3102929577326927,0.0071974351035001185,0.4119409918785095,0.005847735330462456
915,0.3139271166844246,0.008680331329695689,0.2232813285663724,0.011253647599369287
916,0.3092564788575356,0.00850797527565215,0.1785160258412361,0.010941995959728956
917,0.33949604408385664,0.007679684989106579,0.19062811732292176,0.016101925214752556
918,0.2716810677009515,0.008289305612635918,0.3515829861164093,0.00955173745751381
919,0.32738777049458945,0.009435188610297747,0.38313966393470766,0.007140769576653838
920,0.32567224738737327,0.0073275309688865375,0.2166128024458885,0.009568409342318774
921,0.25733478104647917,0.009125646018685821,0.31448926627635954,0.009403721150010824
922,0.38958579902417767,0.006393326416563911,0.008161995932459832,0.014609107654541731
923,0.24960206162471038,0.007606638882022638,0.4799594938755035,0.006191273545846343
924,0.2632263622795924,0.006403448669096598,0.3023296263068914,0.005615491513162851
925,0.35422957638720387,0.007372552582707543,0.259766898304224,0.0069252129178494215
926,0.28982834117069173,0.0069243662023487,0.32182223796844484,0.006024571275338531
927,0.3498824398773603,0.006978358356998517,0.2666675627231598,0.009896825067698956
928,0.33309148017985696,0.007641753247485329,0.2154717743396759,0.013439688738435507
929,0.27648939486019886,0.007503661816605391,0.39842488765716555,0.009199401084333658
930,0.3369041576694984,0.009368154876984848,0.15407876390963793,0.006932029221206904
931,0.31052806151983064,0.008017966117805395,0.3181960254907608,0.009112321585416795
932,0.45536667311516327,0.0054054241388654094,0.3069513559341431,0.007412530295550823
933,0.30930353487985063,0.00755836308384553,0.21324056386947632,0.011881219688802958
934,0.3753648043777316,0.00646096546179018,0.2937810570001602,0.006416265107691288
935,0.2838045248331932,0.008476999474880405,0.3359835684299469,0.00944040073081851
936,0.2717581581987011,0.007844855453675756,0.1963760197162628,0.007864432968199253
937,0.3045205817772792,0.01303443400404201,0.428346586227417,0.007610977813601494
938,0.30122292099090725,0.0069971219278298896,0.11295557320117951,0.0105097652412951
939,0.270358509861697,0.007541150887472889,0.27578407526016235,0.009292220883071422
940,0.34667666170459527,0.006957351134564632,0.12499917447566986,0.0140820168890059
941,0.30053595716181475,0.009047152438702492,0.20960547402501106,0.009813825692981481
942,0.25158239569132906,0.008114946474774908,0.22322497218847276,0.011032908409833907
943,0.2716775134396859,0.011960071260825945,0.5096891760826111,0.005865520378574729
944,0.2805814064848117,0.009982324903830886,0.3216369837522507,0.014571443386375903
945,0.27517550135365665,0.011051773105580837,0.21028628051280976,0.0183693440631032
946,0.25228987837162536,0.009042478817252394,0.09297130787745118,0.01321508651599288
947,0.3788776796979782,0.006348972817739615,0.24650999456644057,0.007187440758571029
948,0.304816659922019,0.008571219373828707,0.20344977974891662,0.008235208690166473
949,0.35759521476351297,0.007306982566101046,0.09540413320064545,0.011932433396577836
950,0.29009993608372336,0.009185776490574846,0.27519806027412413,0.006675680633634329
951,0.31811560043253195,0.00930666426817576,0.22878514975309372,0.008076500287279487
952,0.3349697351193008,0.007011637228947037,0.22671755105257035,0.007948397006839514
953,0.2869134307659876,0.007321937475353479,0.0668103963136673,0.012671206053346396
954,0.30112883634865284,0.008644326213890543,0.23265708982944489,0.007400637120008468
955,0.36577300326182294,0.005860840167420415,0.10476438980549574,0.009530231915414333
956,0.23666264002736753,0.007285514297202611,0.11085509434342385,0.008840379910543561
957,0.2938678720130179,0.00686551607810916,0.12839402817189693,0.009895696118474007
958,0.3793391913939745,0.00624799096168807,0.17020379975438119,0.008534288499504328
959,0.3068697497678491,0.007631350929538409,0.31954380087554457,0.007287312112748623
960,0.3346421443976653,0.007009718131321745,0.2071167767047882,0.008162814751267433
961,0.32784691161643237,0.007274617417118488,0.2848372504115105,0.006920703034847975
962,0.30736399279573023,0.009374207488667125,0.3704079926013947,0.005481332819908857
963,0.3591412521707706,0.0067854953977542045,0.2152506247162819,0.008518688660115004
964,0.3931591661694722,0.007036889276395624,0.2812899280339479,0.010179421119391917
965,0.4104234605358961,0.006129366697934575,0.31213423013687136,0.007762883091345429
966,0.30134598994388795,0.006619398285133334,0.4253742976114154,0.005809534573927522
967,0.37634540640581876,0.006815734337298916,0.08655916415154934,0.007757847756147384
968,0.24091426989971063,0.008569671897790752,0.42554338127374647,0.005028537521138787
969,0.351424204878127,0.011792980438957993,0.13647115007042884,0.012375407619401813
970,0.2542677516929614,0.00818051161387792,0.24908578172326087,0.006250501703470945
971,0.3088127756730104,0.006571616338661466,0.12852675914764405,0.024409736832603814
972,0.3383411801396272,0.006905754992308525,0.24133549332618714,0.007876612758263946
973,0.30445143045523226,0.008348303178373056,0.30072464644908903,0.012866865657269955
974,0.288015206822027,0.008235487764557967,0.11407568752765655,0.011287693306803704
975,0.2793383016609229,0.011338608852850322,0.2719483315944672,0.009996179072186352
976,0.27769687943733656,0.010505195527982254,0.14377651810646058,0.007742110826075077
977,0.2949714241310572,0.010185120800414529,0.4021660268306732,0.004276067018508911
978,0.24395291929921278,0.00900039817684163,0.12301214188337325,0.01075719790533185
979,0.3046904771636503,0.007252963206086021,0.30615959465503695,0.0059871098957955836
980,0.32735139943468267,0.008620542038279848,0.21456716824322938,0.014285101648420095
981,0.33959118420114887,0.0076507291493889615,0.2527452364563942,0.008456442132592201
982,0.3405672434048775,0.007220385470785773,0.012695018947124482,0.019384967908263207
983,0.2813431142996519,0.007894871105702642,0.1807292677462101,0.012772450782358646
984,0.34849832275918186,0.009256285794365864,0.24127332270145416,0.013499497715383769
985,0.2962309181308135,0.007316891635314395,0.27812077701091764,0.012061915919184684
986,0.2846111553028608,0.008895292949791137,0.21138832122087478,0.008705412223935127
987,0.3633567319275477,0.0062336389226122545,0.02328511029481888,0.012495501060038805
988,0.2462831878891358,0.007171508772537494,0.431353759765625,0.007621878338977694
989,0.31315808098476666,0.005731726721979869,0.4260884508490562,0.004762324690818787
990,0.3513455312484159,0.006976672197477176,0.3681843664497137,0.005670026363804937
991,0.2776121673508523,0.007012559106955543,0.26379349231719973,0.00581320384517312
992,0.35607733878378683,0.006582455888677102,0.302457670122385,0.010019833408296108
993,0.3662058989971112,0.007154344640767727,0.1106529951095581,0.01698537329211831
994,0.2999347919263901,0.006496947987052875,0.4229909896850586,0.007024474116042257
995,0.347323186791096,0.009072678545728708,0.13392770290374756,0.006382551789283752
996,0.3406345420158826,0.007685212842308176,0.37713813185691836,0.007599705690518021
997,0.4570500417015491,0.005054689239328489,0.30010307431221006,0.007317480957135558
998,0.2937145396016347,0.007362691213926062,0.15280281901359558,0.013774887146428227
999,0.38401011721445966,0.00637195365001949,0.29493747651576996,0.00616662809625268
